﻿Name,MICHELLE CRAIG
Address,"1051 FENNIE CT, SUISUN CITY, CA 94585"
Account Number,1374594668
Service,1374594010

TYPE,START DATE,END DATE,USAGE,UNITS,COST,NOTES
Natural gas billing,2008-05-25,2008-06-24,33.00,therms,$57.83,
Natural gas billing,2008-06-25,2008-07-24,12.00,therms,$22.83,
Natural gas billing,2008-07-25,2008-08-22,9.00,therms,$16.01,
Natural gas billing,2008-08-23,2008-09-23,17.00,therms,$25.47,
Natural gas billing,2008-09-24,2008-10-22,26.00,therms,$36.29,
Natural gas billing,2008-10-23,2008-11-20,69.00,therms,$85.99,
Natural gas billing,2008-11-21,2008-12-23,229.00,therms,$270.56,
Natural gas billing,2008-12-24,2009-01-23,227.00,therms,$291.09,
Natural gas billing,2009-01-24,2009-02-24,228.00,therms,$294.93,
Natural gas billing,2009-02-25,2009-03-25,164.00,therms,$190.66,
Natural gas billing,2009-03-26,2009-04-27,113.00,therms,$131.69,
Natural gas billing,2009-04-28,2009-05-26,52.00,therms,$55.67,
Natural gas billing,2009-05-27,2009-06-24,31.00,therms,$34.51,
Natural gas billing,2009-06-25,2009-07-25,12.00,therms,$12.31,
Natural gas billing,2009-07-26,2009-08-25,19.00,therms,$20.51,
Natural gas billing,2009-08-26,2009-09-23,13.00,therms,$12.76,
Natural gas billing,2009-09-24,2009-10-22,44.00,therms,$52.67,
Natural gas billing,2009-10-23,2009-11-22,119.00,therms,$143.65,
Natural gas billing,2009-11-23,2009-12-22,221.00,therms,$260.86,
Natural gas billing,2009-12-23,2010-01-23,267.00,therms,$329.53,
Natural gas billing,2010-01-24,2010-02-24,196.00,therms,$249.72,
Natural gas billing,2010-02-25,2010-03-27,159.00,therms,$189.08,
Natural gas billing,2010-03-28,2010-04-26,121.00,therms,$157.52,
Natural gas billing,2010-04-27,2010-05-25,90.00,therms,$113.77,
Natural gas billing,2010-05-26,2010-06-25,37.00,therms,$44.85,
Natural gas billing,2010-06-26,2010-07-26,23.00,therms,$27.07,
Natural gas billing,2010-07-27,2010-08-25,30.00,therms,$38.94,
Natural gas billing,2010-08-26,2010-09-24,19.00,therms,$23.21,
Natural gas billing,2010-09-25,2010-10-25,44.00,therms,$58.09,
Natural gas billing,2010-10-26,2010-11-23,117.00,therms,$139.02,
Natural gas billing,2010-11-24,2010-12-24,244.00,therms,$302.84,
Natural gas billing,2010-12-25,2011-01-25,286.00,therms,$362.05,
Natural gas billing,2011-01-26,2011-02-24,243.00,therms,$323.37,
Natural gas billing,2011-02-25,2011-03-25,200.00,therms,$250.30,
Natural gas billing,2011-03-26,2011-04-26,127.00,therms,$165.80,
Natural gas billing,2011-04-27,2011-05-25,81.00,therms,$108.11,
Natural gas billing,2011-05-26,2011-06-24,66.00,therms,$95.48,
Natural gas billing,2011-06-25,2011-07-26,22.00,therms,$29.53,
Natural gas billing,2011-07-27,2011-08-24,10.00,therms,$12.22,
Natural gas billing,2011-08-25,2011-09-23,17.00,therms,$21.14,
Natural gas billing,2011-09-24,2011-10-24,33.00,therms,$42.96,
Natural gas billing,2011-10-25,2011-11-22,142.00,therms,$177.37,
Natural gas billing,2011-11-23,2011-12-22,263.00,therms,$329.17,
Natural gas billing,2011-12-23,2012-01-24,279.00,therms,$354.33,
Natural gas billing,2012-01-25,2012-02-23,177.00,therms,$226.07,
Natural gas billing,2012-02-24,2012-03-23,185.00,therms,$220.33,
Natural gas billing,2012-03-24,2012-04-24,149.00,therms,$181.42,
Natural gas billing,2012-04-25,2012-05-23,44.00,therms,$52.95,
Natural gas billing,2012-05-24,2012-06-22,39.00,therms,$49.91,
Natural gas billing,2012-06-23,2012-07-24,16.00,therms,$18.65,
Natural gas billing,2012-07-25,2012-08-22,11.00,therms,$12.54,
Natural gas billing,2012-08-23,2012-09-21,15.00,therms,$16.87,
Natural gas billing,2012-09-22,2012-10-22,34.00,therms,$41.97,
Natural gas billing,2012-10-23,2012-11-20,104.00,therms,$130.33,
Natural gas billing,2012-11-21,2012-12-21,214.00,therms,$271.83,
Natural gas billing,2012-12-22,2013-01-23,315.00,therms,$387.98,
Natural gas billing,2013-01-24,2013-02-22,207.00,therms,$219.12,
Natural gas billing,2013-02-23,2013-03-25,137.00,therms,$159.38,
Natural gas billing,2013-03-26,2013-04-24,75.00,therms,$96.85,
Natural gas billing,2013-04-25,2013-05-23,35.00,therms,$46.75,
Natural gas billing,2013-05-24,2013-06-24,29.00,therms,$36.72,
Natural gas billing,2013-06-25,2013-07-24,22.00,therms,$26.19,
Natural gas billing,2013-07-25,2013-08-22,16.00,therms,$17.73,
Natural gas billing,2013-08-23,2013-09-23,13.00,therms,$13.40,
Natural gas billing,2013-09-24,2013-10-22,10.00,therms,$10.26,
Natural gas billing,2013-10-23,2013-11-21,98.00,therms,$121.62,
Natural gas billing,2013-11-22,2013-12-23,255.00,therms,$329.42,
Natural gas billing,2013-12-24,2014-01-23,220.00,therms,$297.26,
Natural gas billing,2014-01-24,2014-02-24,166.00,therms,$233.04,
Natural gas billing,2014-02-25,2014-03-25,95.00,therms,$132.99,
Natural gas billing,2014-03-26,2014-04-24,87.00,therms,$125.07,
Natural gas billing,2014-04-25,2014-05-23,43.00,therms,$61.69,
Natural gas billing,2014-05-24,2014-06-24,16.00,therms,$19.53,
Natural gas billing,2014-06-25,2014-07-24,14.00,therms,$17.24,
Natural gas billing,2014-07-25,2014-08-25,11.00,therms,$13.28,
Natural gas billing,2014-08-26,2014-09-24,9.00,therms,$11.81,
Natural gas billing,2014-09-25,2014-10-23,15.00,therms,$19.73,
Natural gas billing,2014-10-24,2014-11-22,96.00,therms,$135.53,
Natural gas billing,2014-11-23,2014-12-23,155.00,therms,$230.37,
Natural gas billing,2014-12-24,2015-01-23,246.00,therms,$406.25,
Natural gas billing,2015-01-24,2015-02-24,161.00,therms,$257.86,
Natural gas billing,2015-02-25,2015-03-25,104.00,therms,$151.26,
Natural gas billing,2015-03-26,2015-04-24,81.00,therms,$124.28,
Natural gas billing,2015-04-25,2015-05-26,59.00,therms,$88.64,
Natural gas billing,2015-05-27,2015-06-24,25.00,therms,$36.14,
Natural gas billing,2015-06-25,2015-07-23,15.00,therms,$18.59,
Natural gas billing,2015-07-24,2015-08-24,11.00,therms,$13.54,
Natural gas billing,2015-08-25,2015-09-23,10.00,therms,$11.93,
Natural gas billing,2015-09-24,2015-10-22,8.00,therms,$9.41,
Natural gas billing,2015-10-23,2015-11-21,108.00,therms,$160.38,
Natural gas billing,2015-11-22,2015-12-22,250.00,therms,$397.12,
Natural gas billing,2015-12-23,2016-01-22,268.00,therms,$445.67,
Natural gas billing,2016-01-23,2016-02-23,166.00,therms,$272.28,
Natural gas billing,2016-02-24,2016-03-23,98.00,therms,$131.17,
Natural gas billing,2016-03-24,2016-04-22,46.00,therms,$63.60,
Natural gas billing,2016-04-23,2016-05-23,37.00,therms,$54.66,
Natural gas billing,2016-05-24,2016-06-22,14.00,therms,$16.09,
Natural gas billing,2016-06-23,2016-07-22,14.00,therms,$16.52,
Natural gas billing,2016-07-23,2016-08-23,13.00,therms,$17.24,
Natural gas billing,2016-08-24,2016-09-22,13.00,therms,$17.81,
