﻿Name,MICHELLE CRAIG
Address,"1051 FENNIE CT, SUISUN CITY, CA 94585"
Account Number,1374594668
Service,1374594010

TYPE,DATE,USAGE,UNITS,COST,NOTES
Natural gas usage,2014-09-01,0.00,therms,$0.00,
Natural gas usage,2014-09-02,0.00,therms,$0.00,
Natural gas usage,2014-09-03,1.06,therms,$1.33,
Natural gas usage,2014-09-04,0.00,therms,$0.00,
Natural gas usage,2014-09-05,0.00,therms,$0.00,
Natural gas usage,2014-09-06,0.00,therms,$0.00,
Natural gas usage,2014-09-07,1.06,therms,$1.33,
Natural gas usage,2014-09-08,0.00,therms,$0.00,
Natural gas usage,2014-09-09,1.05,therms,$1.32,
Natural gas usage,2014-09-10,0.00,therms,$0.00,
Natural gas usage,2014-09-11,0.00,therms,$0.00,
Natural gas usage,2014-09-12,1.05,therms,$1.32,
Natural gas usage,2014-09-13,0.00,therms,$0.00,
Natural gas usage,2014-09-14,0.00,therms,$0.00,
Natural gas usage,2014-09-15,1.05,therms,$1.32,
Natural gas usage,2014-09-16,0.00,therms,$0.00,
Natural gas usage,2014-09-17,0.00,therms,$0.00,
Natural gas usage,2014-09-18,0.00,therms,$0.00,
Natural gas usage,2014-09-19,1.05,therms,$1.32,
Natural gas usage,2014-09-20,0.00,therms,$0.00,
Natural gas usage,2014-09-21,1.05,therms,$1.32,
Natural gas usage,2014-09-22,0.00,therms,$0.00,
Natural gas usage,2014-09-23,0.00,therms,$0.00,
Natural gas usage,2014-09-24,0.00,therms,$0.00,
Natural gas usage,2014-09-25,1.05,therms,$1.32,
Natural gas usage,2014-09-26,0.00,therms,$0.00,
Natural gas usage,2014-09-27,1.05,therms,$1.32,
Natural gas usage,2014-09-28,0.00,therms,$0.00,
Natural gas usage,2014-09-29,0.00,therms,$0.00,
Natural gas usage,2014-09-30,1.06,therms,$1.32,
Natural gas usage,2014-10-01,0.00,therms,$0.00,
Natural gas usage,2014-10-02,0.00,therms,$0.00,
Natural gas usage,2014-10-03,1.06,therms,$1.24,
Natural gas usage,2014-10-04,0.00,therms,$0.00,
Natural gas usage,2014-10-05,1.06,therms,$1.24,
Natural gas usage,2014-10-06,0.00,therms,$0.00,
Natural gas usage,2014-10-07,0.00,therms,$0.00,
Natural gas usage,2014-10-08,0.00,therms,$0.00,
Natural gas usage,2014-10-09,1.06,therms,$1.24,
Natural gas usage,2014-10-10,0.00,therms,$0.00,
Natural gas usage,2014-10-11,0.00,therms,$0.00,
Natural gas usage,2014-10-12,1.06,therms,$1.24,
Natural gas usage,2014-10-13,0.00,therms,$0.00,
Natural gas usage,2014-10-14,1.05,therms,$1.24,
Natural gas usage,2014-10-15,0.00,therms,$0.00,
Natural gas usage,2014-10-16,0.00,therms,$0.00,
Natural gas usage,2014-10-17,1.05,therms,$1.24,
Natural gas usage,2014-10-18,1.05,therms,$1.24,
Natural gas usage,2014-10-19,1.05,therms,$1.24,
Natural gas usage,2014-10-20,0.00,therms,$0.00,
Natural gas usage,2014-10-21,2.12,therms,$2.48,
Natural gas usage,2014-10-22,1.06,therms,$1.64,
Natural gas usage,2014-10-23,0.00,therms,$0.00,
Natural gas usage,2014-10-24,0.00,therms,$0.00,
Natural gas usage,2014-10-25,0.00,therms,$0.00,
Natural gas usage,2014-10-26,0.00,therms,$0.00,
Natural gas usage,2014-10-27,0.00,therms,$0.00,
Natural gas usage,2014-10-28,0.00,therms,$0.00,
Natural gas usage,2014-10-29,1.05,therms,$1.24,
Natural gas usage,2014-10-30,2.11,therms,$2.47,
Natural gas usage,2014-10-31,4.22,therms,$4.94,
Natural gas usage,2014-11-01,4.22,therms,$4.70,
Natural gas usage,2014-11-02,3.16,therms,$3.53,
Natural gas usage,2014-11-03,4.21,therms,$4.69,
Natural gas usage,2014-11-04,4.21,therms,$4.69,
Natural gas usage,2014-11-05,3.16,therms,$3.52,
Natural gas usage,2014-11-06,2.10,therms,$2.35,
Natural gas usage,2014-11-07,2.10,therms,$2.35,
Natural gas usage,2014-11-08,1.05,therms,$1.17,
Natural gas usage,2014-11-09,2.10,therms,$2.35,
Natural gas usage,2014-11-10,1.06,therms,$1.18,
Natural gas usage,2014-11-11,4.22,therms,$4.71,
Natural gas usage,2014-11-12,3.17,therms,$3.53,
Natural gas usage,2014-11-13,4.22,therms,$4.71,
Natural gas usage,2014-11-14,2.11,therms,$2.35,
Natural gas usage,2014-11-15,4.22,therms,$4.71,
Natural gas usage,2014-11-16,6.33,therms,$9.46,
Natural gas usage,2014-11-17,6.34,therms,$9.47,
Natural gas usage,2014-11-18,9.51,therms,$14.21,
Natural gas usage,2014-11-19,6.34,therms,$9.47,
Natural gas usage,2014-11-20,6.34,therms,$9.47,
Natural gas usage,2014-11-21,5.28,therms,$7.89,
Natural gas usage,2014-11-22,3.17,therms,$4.74,
Natural gas usage,2014-11-23,3.17,therms,$3.53,
Natural gas usage,2014-11-24,4.23,therms,$4.72,
Natural gas usage,2014-11-25,3.17,therms,$3.54,
Natural gas usage,2014-11-26,1.06,therms,$1.18,
Natural gas usage,2014-11-27,4.23,therms,$4.72,
Natural gas usage,2014-11-28,4.23,therms,$4.72,
Natural gas usage,2014-11-29,3.17,therms,$3.54,
Natural gas usage,2014-11-30,5.29,therms,$5.90,
Natural gas usage,2014-12-01,1.06,therms,$1.25,
Natural gas usage,2014-12-02,3.17,therms,$3.76,
Natural gas usage,2014-12-03,6.34,therms,$7.53,
Natural gas usage,2014-12-04,4.23,therms,$5.02,
Natural gas usage,2014-12-05,4.23,therms,$5.02,
Natural gas usage,2014-12-06,3.17,therms,$3.76,
Natural gas usage,2014-12-07,4.23,therms,$5.02,
Natural gas usage,2014-12-08,5.26,therms,$6.24,
Natural gas usage,2014-12-09,5.26,therms,$8.24,
Natural gas usage,2014-12-10,6.31,therms,$9.88,
Natural gas usage,2014-12-11,5.26,therms,$8.24,
Natural gas usage,2014-12-12,8.41,therms,$13.18,
Natural gas usage,2014-12-13,8.41,therms,$13.18,
Natural gas usage,2014-12-14,8.41,therms,$13.18,
Natural gas usage,2014-12-15,8.44,therms,$13.23,
Natural gas usage,2014-12-16,7.39,therms,$11.57,
Natural gas usage,2014-12-17,7.39,therms,$11.57,
Natural gas usage,2014-12-18,6.33,therms,$9.92,
Natural gas usage,2014-12-19,5.28,therms,$8.27,
Natural gas usage,2014-12-20,6.33,therms,$9.92,
Natural gas usage,2014-12-21,3.17,therms,$4.96,
Natural gas usage,2014-12-22,3.16,therms,$4.95,
Natural gas usage,2014-12-23,5.26,therms,$8.24,
Natural gas usage,2014-12-24,7.37,therms,$8.75,
Natural gas usage,2014-12-25,8.42,therms,$10.00,
Natural gas usage,2014-12-26,6.31,therms,$7.50,
Natural gas usage,2014-12-27,9.47,therms,$11.25,
Natural gas usage,2014-12-28,7.37,therms,$8.75,
Natural gas usage,2014-12-29,7.38,therms,$8.76,
Natural gas usage,2014-12-30,11.60,therms,$13.77,
Natural gas usage,2014-12-31,10.54,therms,$12.52,
Natural gas usage,2015-01-01,10.54,therms,$17.95,
Natural gas usage,2015-01-02,11.60,therms,$19.75,
Natural gas usage,2015-01-03,10.54,therms,$17.95,
Natural gas usage,2015-01-04,10.54,therms,$17.95,
Natural gas usage,2015-01-05,10.50,therms,$17.88,
Natural gas usage,2015-01-06,7.35,therms,$12.52,
Natural gas usage,2015-01-07,6.30,therms,$10.73,
Natural gas usage,2015-01-08,7.35,therms,$12.52,
Natural gas usage,2015-01-09,7.35,therms,$12.52,
Natural gas usage,2015-01-10,5.25,therms,$8.94,
Natural gas usage,2015-01-11,5.25,therms,$8.94,
Natural gas usage,2015-01-12,5.25,therms,$8.93,
Natural gas usage,2015-01-13,5.25,therms,$8.93,
Natural gas usage,2015-01-14,9.44,therms,$16.08,
Natural gas usage,2015-01-15,8.39,therms,$14.29,
Natural gas usage,2015-01-16,8.39,therms,$14.29,
Natural gas usage,2015-01-17,6.30,therms,$10.72,
Natural gas usage,2015-01-18,6.30,therms,$10.72,
Natural gas usage,2015-01-19,4.20,therms,$7.15,
Natural gas usage,2015-01-20,6.29,therms,$10.71,
Natural gas usage,2015-01-21,7.34,therms,$12.49,
Natural gas usage,2015-01-22,9.43,therms,$16.06,
Natural gas usage,2015-01-23,8.39,therms,$14.28,
Natural gas usage,2015-01-24,7.34,therms,$9.19,
Natural gas usage,2015-01-25,8.39,therms,$10.51,
Natural gas usage,2015-01-26,7.35,therms,$9.21,
Natural gas usage,2015-01-27,6.30,therms,$7.90,
Natural gas usage,2015-01-28,5.25,therms,$6.58,
Natural gas usage,2015-01-29,4.20,therms,$5.26,
Natural gas usage,2015-01-30,5.25,therms,$6.58,
Natural gas usage,2015-01-31,4.20,therms,$5.26,
Natural gas usage,2015-02-01,7.35,therms,$9.02,
Natural gas usage,2015-02-02,5.26,therms,$6.45,
Natural gas usage,2015-02-03,5.26,therms,$6.45,
Natural gas usage,2015-02-04,4.21,therms,$7.05,
Natural gas usage,2015-02-05,6.31,therms,$10.58,
Natural gas usage,2015-02-06,5.26,therms,$8.81,
Natural gas usage,2015-02-07,3.15,therms,$5.29,
Natural gas usage,2015-02-08,5.26,therms,$8.81,
Natural gas usage,2015-02-09,3.15,therms,$5.29,
Natural gas usage,2015-02-10,5.26,therms,$8.81,
Natural gas usage,2015-02-11,6.31,therms,$10.58,
Natural gas usage,2015-02-12,4.21,therms,$7.05,
Natural gas usage,2015-02-13,4.21,therms,$7.05,
Natural gas usage,2015-02-14,3.15,therms,$5.29,
Natural gas usage,2015-02-15,2.10,therms,$3.53,
Natural gas usage,2015-02-16,3.15,therms,$5.29,
Natural gas usage,2015-02-17,3.15,therms,$5.29,
Natural gas usage,2015-02-18,4.21,therms,$7.05,
Natural gas usage,2015-02-19,5.26,therms,$8.81,
Natural gas usage,2015-02-20,3.15,therms,$5.29,
Natural gas usage,2015-02-21,5.26,therms,$8.81,
Natural gas usage,2015-02-22,5.26,therms,$8.81,
Natural gas usage,2015-02-23,8.40,therms,$14.09,
Natural gas usage,2015-02-24,4.20,therms,$7.04,
Natural gas usage,2015-02-25,4.20,therms,$5.16,
Natural gas usage,2015-02-26,3.15,therms,$3.87,
Natural gas usage,2015-02-27,3.15,therms,$3.87,
Natural gas usage,2015-02-28,6.30,therms,$7.73,
Natural gas usage,2015-03-01,5.25,therms,$6.01,
Natural gas usage,2015-03-02,5.24,therms,$6.00,
Natural gas usage,2015-03-03,5.24,therms,$6.00,
Natural gas usage,2015-03-04,4.19,therms,$4.80,
Natural gas usage,2015-03-05,5.24,therms,$6.00,
Natural gas usage,2015-03-06,5.24,therms,$6.00,
Natural gas usage,2015-03-07,3.14,therms,$3.60,
Natural gas usage,2015-03-08,4.19,therms,$4.80,
Natural gas usage,2015-03-09,2.10,therms,$2.40,
Natural gas usage,2015-03-10,4.19,therms,$6.68,
Natural gas usage,2015-03-11,4.19,therms,$6.68,
Natural gas usage,2015-03-12,4.19,therms,$6.68,
Natural gas usage,2015-03-13,2.10,therms,$3.34,
Natural gas usage,2015-03-14,2.10,therms,$3.34,
Natural gas usage,2015-03-15,2.10,therms,$3.34,
Natural gas usage,2015-03-16,4.20,therms,$6.69,
Natural gas usage,2015-03-17,2.10,therms,$3.35,
Natural gas usage,2015-03-18,3.15,therms,$5.02,
Natural gas usage,2015-03-19,3.15,therms,$5.02,
Natural gas usage,2015-03-20,3.15,therms,$5.02,
Natural gas usage,2015-03-21,2.10,therms,$3.35,
Natural gas usage,2015-03-22,3.15,therms,$5.02,
Natural gas usage,2015-03-23,2.10,therms,$3.35,
Natural gas usage,2015-03-24,2.10,therms,$3.35,
Natural gas usage,2015-03-25,3.15,therms,$5.02,
Natural gas usage,2015-03-26,1.05,therms,$1.20,
Natural gas usage,2015-03-27,0.00,therms,$0.00,
Natural gas usage,2015-03-28,2.10,therms,$2.40,
Natural gas usage,2015-03-29,1.05,therms,$1.20,
Natural gas usage,2015-03-30,0.00,therms,$0.00,
Natural gas usage,2015-03-31,1.05,therms,$1.20,
Natural gas usage,2015-04-01,3.16,therms,$3.50,
Natural gas usage,2015-04-02,4.21,therms,$4.67,
Natural gas usage,2015-04-03,2.10,therms,$2.33,
Natural gas usage,2015-04-04,5.26,therms,$5.83,
Natural gas usage,2015-04-05,5.26,therms,$8.23,
Natural gas usage,2015-04-06,4.20,therms,$6.57,
Natural gas usage,2015-04-07,5.25,therms,$8.22,
Natural gas usage,2015-04-08,4.20,therms,$6.57,
Natural gas usage,2015-04-09,5.25,therms,$8.22,
Natural gas usage,2015-04-10,2.10,therms,$3.29,
Natural gas usage,2015-04-11,3.15,therms,$4.93,
Natural gas usage,2015-04-12,1.05,therms,$1.64,
Natural gas usage,2015-04-13,4.21,therms,$6.58,
Natural gas usage,2015-04-14,2.10,therms,$3.29,
Natural gas usage,2015-04-15,4.21,therms,$6.58,
Natural gas usage,2015-04-16,1.05,therms,$1.64,
Natural gas usage,2015-04-17,1.05,therms,$1.64,
Natural gas usage,2015-04-18,2.10,therms,$3.29,
Natural gas usage,2015-04-19,1.05,therms,$1.64,
Natural gas usage,2015-04-20,3.17,therms,$4.95,
Natural gas usage,2015-04-21,5.28,therms,$8.26,
Natural gas usage,2015-04-22,1.06,therms,$1.65,
Natural gas usage,2015-04-23,2.11,therms,$3.30,
Natural gas usage,2015-04-24,3.17,therms,$4.95,
Natural gas usage,2015-04-25,3.17,therms,$3.51,
Natural gas usage,2015-04-26,3.17,therms,$3.51,
Natural gas usage,2015-04-27,0.00,therms,$0.00,
Natural gas usage,2015-04-28,0.00,therms,$0.00,
Natural gas usage,2015-04-29,1.06,therms,$1.17,
Natural gas usage,2015-04-30,0.00,therms,$0.00,
Natural gas usage,2015-05-01,1.06,therms,$1.12,
Natural gas usage,2015-05-02,0.00,therms,$0.00,
Natural gas usage,2015-05-03,2.11,therms,$2.24,
Natural gas usage,2015-05-04,2.11,therms,$2.24,
Natural gas usage,2015-05-05,2.11,therms,$2.24,
Natural gas usage,2015-05-06,1.05,therms,$1.60,
Natural gas usage,2015-05-07,2.11,therms,$3.20,
Natural gas usage,2015-05-08,3.16,therms,$4.80,
Natural gas usage,2015-05-09,1.05,therms,$1.60,
Natural gas usage,2015-05-10,1.05,therms,$1.60,
Natural gas usage,2015-05-11,2.11,therms,$3.20,
Natural gas usage,2015-05-12,3.16,therms,$4.80,
Natural gas usage,2015-05-13,4.22,therms,$6.40,
Natural gas usage,2015-05-14,3.16,therms,$4.80,
Natural gas usage,2015-05-15,4.22,therms,$6.40,
Natural gas usage,2015-05-16,3.16,therms,$4.80,
Natural gas usage,2015-05-17,2.11,therms,$3.20,
Natural gas usage,2015-05-18,0.00,therms,$0.00,
Natural gas usage,2015-05-19,3.17,therms,$4.81,
Natural gas usage,2015-05-20,3.17,therms,$4.81,
Natural gas usage,2015-05-21,2.11,therms,$3.21,
Natural gas usage,2015-05-22,3.17,therms,$4.81,
Natural gas usage,2015-05-23,0.00,therms,$0.00,
Natural gas usage,2015-05-24,0.00,therms,$0.00,
Natural gas usage,2015-05-25,0.00,therms,$0.00,
Natural gas usage,2015-05-26,2.11,therms,$3.21,
Natural gas usage,2015-05-27,2.11,therms,$2.24,
Natural gas usage,2015-05-28,2.11,therms,$2.24,
Natural gas usage,2015-05-29,2.11,therms,$2.24,
Natural gas usage,2015-05-30,2.11,therms,$2.24,
Natural gas usage,2015-05-31,1.06,therms,$1.12,
Natural gas usage,2015-06-01,2.12,therms,$2.46,
Natural gas usage,2015-06-02,0.00,therms,$0.00,
Natural gas usage,2015-06-03,1.06,therms,$1.23,
Natural gas usage,2015-06-04,2.12,therms,$2.46,
Natural gas usage,2015-06-05,0.00,therms,$0.00,
Natural gas usage,2015-06-06,1.06,therms,$1.71,
Natural gas usage,2015-06-07,1.06,therms,$1.71,
Natural gas usage,2015-06-08,1.06,therms,$1.71,
Natural gas usage,2015-06-09,0.00,therms,$0.00,
Natural gas usage,2015-06-10,1.06,therms,$1.71,
Natural gas usage,2015-06-11,0.00,therms,$0.00,
Natural gas usage,2015-06-12,1.06,therms,$1.71,
Natural gas usage,2015-06-13,0.00,therms,$0.00,
Natural gas usage,2015-06-14,1.06,therms,$1.71,
Natural gas usage,2015-06-15,0.00,therms,$0.00,
Natural gas usage,2015-06-16,1.06,therms,$1.72,
Natural gas usage,2015-06-17,0.00,therms,$0.00,
Natural gas usage,2015-06-18,0.00,therms,$0.00,
Natural gas usage,2015-06-19,1.06,therms,$1.72,
Natural gas usage,2015-06-20,0.00,therms,$0.00,
Natural gas usage,2015-06-21,1.06,therms,$1.72,
Natural gas usage,2015-06-22,0.00,therms,$0.00,
Natural gas usage,2015-06-23,1.06,therms,$1.72,
Natural gas usage,2015-06-24,0.00,therms,$0.00,
Natural gas usage,2015-06-25,1.06,therms,$1.23,
Natural gas usage,2015-06-26,0.00,therms,$0.00,
Natural gas usage,2015-06-27,1.06,therms,$1.23,
Natural gas usage,2015-06-28,1.06,therms,$1.23,
Natural gas usage,2015-06-29,1.07,therms,$1.24,
Natural gas usage,2015-06-30,0.00,therms,$0.00,
Natural gas usage,2015-07-01,0.00,therms,$0.00,
Natural gas usage,2015-07-02,1.07,therms,$1.16,
Natural gas usage,2015-07-03,0.00,therms,$0.00,
Natural gas usage,2015-07-04,0.00,therms,$0.00,
Natural gas usage,2015-07-05,1.07,therms,$1.16,
Natural gas usage,2015-07-06,0.00,therms,$0.00,
Natural gas usage,2015-07-07,1.06,therms,$1.14,
Natural gas usage,2015-07-08,0.00,therms,$0.00,
Natural gas usage,2015-07-09,0.00,therms,$0.00,
Natural gas usage,2015-07-10,1.06,therms,$1.14,
Natural gas usage,2015-07-11,1.06,therms,$1.14,
Natural gas usage,2015-07-12,0.00,therms,$0.00,
Natural gas usage,2015-07-13,1.06,therms,$1.15,
Natural gas usage,2015-07-14,0.00,therms,$0.00,
Natural gas usage,2015-07-15,1.06,therms,$1.15,
Natural gas usage,2015-07-16,0.00,therms,$0.00,
Natural gas usage,2015-07-17,1.06,therms,$1.15,
Natural gas usage,2015-07-18,0.00,therms,$0.00,
Natural gas usage,2015-07-19,0.00,therms,$0.00,
Natural gas usage,2015-07-20,1.06,therms,$1.14,
Natural gas usage,2015-07-21,0.00,therms,$0.00,
Natural gas usage,2015-07-22,1.06,therms,$1.63,
Natural gas usage,2015-07-23,0.00,therms,$0.00,
Natural gas usage,2015-07-24,0.00,therms,$0.00,
Natural gas usage,2015-07-25,1.06,therms,$1.14,
Natural gas usage,2015-07-26,0.00,therms,$0.00,
Natural gas usage,2015-07-27,1.06,therms,$1.15,
Natural gas usage,2015-07-28,0.00,therms,$0.00,
Natural gas usage,2015-07-29,0.00,therms,$0.00,
Natural gas usage,2015-07-30,1.06,therms,$1.15,
Natural gas usage,2015-07-31,0.00,therms,$0.00,
Natural gas usage,2015-08-01,1.06,therms,$1.23,
Natural gas usage,2015-08-02,0.00,therms,$0.00,
Natural gas usage,2015-08-03,1.06,therms,$1.23,
Natural gas usage,2015-08-04,0.00,therms,$0.00,
Natural gas usage,2015-08-05,0.00,therms,$0.00,
Natural gas usage,2015-08-06,1.06,therms,$1.23,
Natural gas usage,2015-08-07,0.00,therms,$0.00,
Natural gas usage,2015-08-08,0.00,therms,$0.00,
Natural gas usage,2015-08-09,1.06,therms,$1.23,
Natural gas usage,2015-08-10,0.00,therms,$0.00,
Natural gas usage,2015-08-11,0.00,therms,$0.00,
Natural gas usage,2015-08-12,0.00,therms,$0.00,
Natural gas usage,2015-08-13,1.05,therms,$1.23,
Natural gas usage,2015-08-14,0.00,therms,$0.00,
Natural gas usage,2015-08-15,0.00,therms,$0.00,
Natural gas usage,2015-08-16,1.05,therms,$1.23,
Natural gas usage,2015-08-17,0.00,therms,$0.00,
Natural gas usage,2015-08-18,0.00,therms,$0.00,
Natural gas usage,2015-08-19,1.06,therms,$1.23,
Natural gas usage,2015-08-20,0.00,therms,$0.00,
Natural gas usage,2015-08-21,0.00,therms,$0.00,
Natural gas usage,2015-08-22,0.00,therms,$0.00,
Natural gas usage,2015-08-23,0.00,therms,$0.00,
Natural gas usage,2015-08-24,0.00,therms,$0.00,
Natural gas usage,2015-08-25,1.06,therms,$1.23,
Natural gas usage,2015-08-26,0.00,therms,$0.00,
Natural gas usage,2015-08-27,0.00,therms,$0.00,
Natural gas usage,2015-08-28,1.06,therms,$1.23,
Natural gas usage,2015-08-29,0.00,therms,$0.00,
Natural gas usage,2015-08-30,0.00,therms,$0.00,
Natural gas usage,2015-08-31,1.06,therms,$1.23,
Natural gas usage,2015-09-01,0.00,therms,$0.00,
Natural gas usage,2015-09-02,0.00,therms,$0.00,
Natural gas usage,2015-09-03,0.00,therms,$0.00,
Natural gas usage,2015-09-04,1.06,therms,$1.15,
Natural gas usage,2015-09-05,0.00,therms,$0.00,
Natural gas usage,2015-09-06,0.00,therms,$0.00,
Natural gas usage,2015-09-07,1.06,therms,$1.15,
Natural gas usage,2015-09-08,0.00,therms,$0.00,
Natural gas usage,2015-09-09,0.00,therms,$0.00,
Natural gas usage,2015-09-10,0.00,therms,$0.00,
Natural gas usage,2015-09-11,1.06,therms,$1.15,
Natural gas usage,2015-09-12,0.00,therms,$0.00,
Natural gas usage,2015-09-13,0.00,therms,$0.00,
Natural gas usage,2015-09-14,0.00,therms,$0.00,
Natural gas usage,2015-09-15,1.06,therms,$1.15,
Natural gas usage,2015-09-16,0.00,therms,$0.00,
Natural gas usage,2015-09-17,0.00,therms,$0.00,
Natural gas usage,2015-09-18,0.00,therms,$0.00,
Natural gas usage,2015-09-19,1.06,therms,$1.15,
Natural gas usage,2015-09-20,0.00,therms,$0.00,
Natural gas usage,2015-09-21,0.00,therms,$0.00,
Natural gas usage,2015-09-22,1.06,therms,$1.15,
Natural gas usage,2015-09-23,0.00,therms,$0.00,
Natural gas usage,2015-09-24,0.00,therms,$0.00,
Natural gas usage,2015-09-25,1.06,therms,$1.15,
Natural gas usage,2015-09-26,0.00,therms,$0.00,
Natural gas usage,2015-09-27,0.00,therms,$0.00,
Natural gas usage,2015-09-28,0.00,therms,$0.00,
Natural gas usage,2015-09-29,1.06,therms,$1.15,
Natural gas usage,2015-09-30,0.00,therms,$0.00,
Natural gas usage,2015-10-01,0.00,therms,$0.00,
Natural gas usage,2015-10-02,0.00,therms,$0.00,
Natural gas usage,2015-10-03,1.06,therms,$1.15,
Natural gas usage,2015-10-04,0.00,therms,$0.00,
Natural gas usage,2015-10-05,0.00,therms,$0.00,
Natural gas usage,2015-10-06,1.06,therms,$1.15,
Natural gas usage,2015-10-07,0.00,therms,$0.00,
Natural gas usage,2015-10-08,0.00,therms,$0.00,
Natural gas usage,2015-10-09,1.06,therms,$1.15,
Natural gas usage,2015-10-10,0.00,therms,$0.00,
Natural gas usage,2015-10-11,0.00,therms,$0.00,
Natural gas usage,2015-10-12,0.00,therms,$0.00,
Natural gas usage,2015-10-13,1.06,therms,$1.15,
Natural gas usage,2015-10-14,0.00,therms,$0.00,
Natural gas usage,2015-10-15,0.00,therms,$0.00,
Natural gas usage,2015-10-16,0.00,therms,$0.00,
Natural gas usage,2015-10-17,1.06,therms,$1.15,
Natural gas usage,2015-10-18,0.00,therms,$0.00,
Natural gas usage,2015-10-19,1.06,therms,$1.15,
Natural gas usage,2015-10-20,0.00,therms,$0.00,
Natural gas usage,2015-10-21,0.00,therms,$0.00,
Natural gas usage,2015-10-22,0.00,therms,$0.00,
Natural gas usage,2015-10-23,1.06,therms,$1.15,
Natural gas usage,2015-10-24,0.00,therms,$0.00,
Natural gas usage,2015-10-25,1.06,therms,$1.15,
Natural gas usage,2015-10-26,0.00,therms,$0.00,
Natural gas usage,2015-10-27,0.00,therms,$0.00,
Natural gas usage,2015-10-28,1.06,therms,$1.15,
Natural gas usage,2015-10-29,0.00,therms,$0.00,
Natural gas usage,2015-10-30,0.00,therms,$0.00,
Natural gas usage,2015-10-31,1.06,therms,$1.15,
Natural gas usage,2015-11-01,1.06,therms,$1.21,
Natural gas usage,2015-11-02,0.00,therms,$0.00,
Natural gas usage,2015-11-03,1.05,therms,$1.21,
Natural gas usage,2015-11-04,5.27,therms,$6.03,
Natural gas usage,2015-11-05,4.21,therms,$4.82,
Natural gas usage,2015-11-06,4.21,therms,$4.82,
Natural gas usage,2015-11-07,4.21,therms,$4.82,
Natural gas usage,2015-11-08,4.21,therms,$4.82,
Natural gas usage,2015-11-09,6.33,therms,$7.25,
Natural gas usage,2015-11-10,5.28,therms,$6.04,
Natural gas usage,2015-11-11,7.39,therms,$8.45,
Natural gas usage,2015-11-12,5.28,therms,$8.44,
Natural gas usage,2015-11-13,6.33,therms,$10.13,
Natural gas usage,2015-11-14,7.39,therms,$11.82,
Natural gas usage,2015-11-15,5.28,therms,$8.44,
Natural gas usage,2015-11-16,8.46,therms,$13.54,
Natural gas usage,2015-11-17,7.40,therms,$11.84,
Natural gas usage,2015-11-18,4.23,therms,$6.77,
Natural gas usage,2015-11-19,4.23,therms,$6.77,
Natural gas usage,2015-11-20,4.23,therms,$6.77,
Natural gas usage,2015-11-21,7.40,therms,$11.84,
Natural gas usage,2015-11-22,3.17,therms,$3.63,
Natural gas usage,2015-11-23,6.34,therms,$7.26,
Natural gas usage,2015-11-24,6.34,therms,$7.26,
Natural gas usage,2015-11-25,9.52,therms,$10.89,
Natural gas usage,2015-11-26,9.52,therms,$10.89,
Natural gas usage,2015-11-27,10.57,therms,$12.10,
Natural gas usage,2015-11-28,10.57,therms,$12.10,
Natural gas usage,2015-11-29,11.63,therms,$13.31,
Natural gas usage,2015-11-30,13.76,therms,$22.02,
Natural gas usage,2015-12-01,9.53,therms,$15.34,
Natural gas usage,2015-12-02,7.41,therms,$11.93,
Natural gas usage,2015-12-03,10.58,therms,$17.04,
Natural gas usage,2015-12-04,7.41,therms,$11.93,
Natural gas usage,2015-12-05,9.53,therms,$15.34,
Natural gas usage,2015-12-06,5.29,therms,$8.52,
Natural gas usage,2015-12-07,4.23,therms,$6.80,
Natural gas usage,2015-12-08,7.40,therms,$11.91,
Natural gas usage,2015-12-09,5.28,therms,$8.50,
Natural gas usage,2015-12-10,6.34,therms,$10.21,
Natural gas usage,2015-12-11,7.40,therms,$11.91,
Natural gas usage,2015-12-12,8.45,therms,$13.61,
Natural gas usage,2015-12-13,8.45,therms,$13.61,
Natural gas usage,2015-12-14,8.45,therms,$13.61,
Natural gas usage,2015-12-15,8.45,therms,$13.61,
Natural gas usage,2015-12-16,10.56,therms,$17.01,
Natural gas usage,2015-12-17,9.51,therms,$15.31,
Natural gas usage,2015-12-18,7.40,therms,$11.91,
Natural gas usage,2015-12-19,6.34,therms,$10.21,
Natural gas usage,2015-12-20,8.45,therms,$13.61,
Natural gas usage,2015-12-21,7.38,therms,$11.88,
Natural gas usage,2015-12-22,5.27,therms,$8.49,
Natural gas usage,2015-12-23,6.33,therms,$7.30,
Natural gas usage,2015-12-24,7.38,therms,$8.52,
Natural gas usage,2015-12-25,6.33,therms,$7.30,
Natural gas usage,2015-12-26,9.49,therms,$10.95,
Natural gas usage,2015-12-27,10.54,therms,$12.17,
Natural gas usage,2015-12-28,7.38,therms,$8.52,
Natural gas usage,2015-12-29,9.49,therms,$10.95,
Natural gas usage,2015-12-30,11.60,therms,$13.39,
Natural gas usage,2015-12-31,11.60,therms,$18.67,
Natural gas usage,2016-01-01,10.54,therms,$17.88,
Natural gas usage,2016-01-02,11.60,therms,$19.67,
Natural gas usage,2016-01-03,10.54,therms,$17.88,
Natural gas usage,2016-01-04,8.44,therms,$14.32,
Natural gas usage,2016-01-05,9.50,therms,$16.11,
Natural gas usage,2016-01-06,9.50,therms,$16.11,
Natural gas usage,2016-01-07,11.61,therms,$19.69,
Natural gas usage,2016-01-08,8.44,therms,$14.32,
Natural gas usage,2016-01-09,8.44,therms,$14.32,
Natural gas usage,2016-01-10,8.44,therms,$14.32,
Natural gas usage,2016-01-11,7.40,therms,$12.54,
Natural gas usage,2016-01-12,7.40,therms,$12.54,
Natural gas usage,2016-01-13,7.40,therms,$12.54,
Natural gas usage,2016-01-14,10.56,therms,$17.92,
Natural gas usage,2016-01-15,8.45,therms,$14.33,
Natural gas usage,2016-01-16,6.34,therms,$10.75,
Natural gas usage,2016-01-17,8.45,therms,$14.33,
Natural gas usage,2016-01-18,5.28,therms,$8.96,
Natural gas usage,2016-01-19,6.32,therms,$10.72,
Natural gas usage,2016-01-20,7.37,therms,$12.51,
Natural gas usage,2016-01-21,7.37,therms,$12.51,
Natural gas usage,2016-01-22,8.43,therms,$14.29,
Natural gas usage,2016-01-23,7.37,therms,$8.90,
Natural gas usage,2016-01-24,7.37,therms,$8.90,
Natural gas usage,2016-01-25,5.26,therms,$6.34,
Natural gas usage,2016-01-26,7.36,therms,$8.88,
Natural gas usage,2016-01-27,6.31,therms,$7.61,
Natural gas usage,2016-01-28,7.36,therms,$8.88,
Natural gas usage,2016-01-29,6.31,therms,$7.61,
Natural gas usage,2016-01-30,5.26,therms,$6.34,
Natural gas usage,2016-01-31,7.36,therms,$8.88,
Natural gas usage,2016-02-01,9.49,therms,$11.76,
Natural gas usage,2016-02-02,10.54,therms,$18.23,
Natural gas usage,2016-02-03,9.49,therms,$16.40,
Natural gas usage,2016-02-04,7.38,therms,$12.76,
Natural gas usage,2016-02-05,7.38,therms,$12.76,
Natural gas usage,2016-02-06,5.27,therms,$9.11,
Natural gas usage,2016-02-07,4.22,therms,$7.29,
Natural gas usage,2016-02-08,3.17,therms,$5.48,
Natural gas usage,2016-02-09,3.17,therms,$5.48,
Natural gas usage,2016-02-10,3.17,therms,$5.48,
Natural gas usage,2016-02-11,2.11,therms,$3.65,
Natural gas usage,2016-02-12,4.23,therms,$7.30,
Natural gas usage,2016-02-13,2.11,therms,$3.65,
Natural gas usage,2016-02-14,2.11,therms,$3.65,
Natural gas usage,2016-02-15,0.00,therms,$0.00,
Natural gas usage,2016-02-16,1.05,therms,$1.82,
Natural gas usage,2016-02-17,1.05,therms,$1.82,
Natural gas usage,2016-02-18,4.20,therms,$7.26,
Natural gas usage,2016-02-19,9.45,therms,$16.34,
Natural gas usage,2016-02-20,8.40,therms,$14.52,
Natural gas usage,2016-02-21,3.15,therms,$5.45,
Natural gas usage,2016-02-22,2.10,therms,$3.63,
Natural gas usage,2016-02-23,3.15,therms,$5.45,
Natural gas usage,2016-02-24,3.15,therms,$3.90,
Natural gas usage,2016-02-25,4.20,therms,$5.21,
Natural gas usage,2016-02-26,3.15,therms,$3.90,
Natural gas usage,2016-02-27,2.10,therms,$2.60,
Natural gas usage,2016-02-28,3.15,therms,$3.90,
Natural gas usage,2016-02-29,3.14,therms,$3.90,
Natural gas usage,2016-03-01,2.10,therms,$2.60,
Natural gas usage,2016-03-02,1.05,therms,$1.30,
Natural gas usage,2016-03-03,3.14,therms,$3.90,
Natural gas usage,2016-03-04,2.10,therms,$2.60,
Natural gas usage,2016-03-05,3.14,therms,$3.90,
Natural gas usage,2016-03-06,5.24,therms,$6.49,
Natural gas usage,2016-03-07,5.24,therms,$6.49,
Natural gas usage,2016-03-08,6.28,therms,$7.79,
Natural gas usage,2016-03-09,5.24,therms,$6.49,
Natural gas usage,2016-03-10,4.19,therms,$5.19,
Natural gas usage,2016-03-11,5.24,therms,$9.05,
Natural gas usage,2016-03-12,4.19,therms,$7.24,
Natural gas usage,2016-03-13,3.14,therms,$5.43,
Natural gas usage,2016-03-14,3.15,therms,$5.45,
Natural gas usage,2016-03-15,4.20,therms,$7.26,
Natural gas usage,2016-03-16,3.15,therms,$5.45,
Natural gas usage,2016-03-17,1.05,therms,$1.82,
Natural gas usage,2016-03-18,2.10,therms,$3.63,
Natural gas usage,2016-03-19,2.10,therms,$3.63,
Natural gas usage,2016-03-20,1.05,therms,$1.82,
Natural gas usage,2016-03-21,3.16,therms,$5.46,
Natural gas usage,2016-03-22,5.27,therms,$9.10,
Natural gas usage,2016-03-23,3.16,therms,$5.46,
Natural gas usage,2016-03-24,2.11,therms,$2.61,
Natural gas usage,2016-03-25,2.11,therms,$2.61,
Natural gas usage,2016-03-26,1.05,therms,$1.31,
Natural gas usage,2016-03-27,0.00,therms,$0.00,
Natural gas usage,2016-03-28,3.16,therms,$3.92,
Natural gas usage,2016-03-29,2.11,therms,$2.61,
Natural gas usage,2016-03-30,2.11,therms,$2.61,
Natural gas usage,2016-03-31,2.11,therms,$2.61,
Natural gas usage,2016-04-01,1.05,therms,$1.11,
Natural gas usage,2016-04-02,2.11,therms,$2.22,
Natural gas usage,2016-04-03,1.05,therms,$1.11,
Natural gas usage,2016-04-04,2.11,therms,$2.22,
Natural gas usage,2016-04-05,1.05,therms,$1.11,
Natural gas usage,2016-04-06,0.00,therms,$0.00,
Natural gas usage,2016-04-07,1.05,therms,$1.11,
Natural gas usage,2016-04-08,1.05,therms,$1.11,
Natural gas usage,2016-04-09,2.11,therms,$2.22,
Natural gas usage,2016-04-10,3.16,therms,$4.87,
Natural gas usage,2016-04-11,1.06,therms,$1.63,
Natural gas usage,2016-04-12,3.17,therms,$4.88,
Natural gas usage,2016-04-13,1.06,therms,$1.63,
Natural gas usage,2016-04-14,3.17,therms,$4.88,
Natural gas usage,2016-04-15,4.23,therms,$6.51,
Natural gas usage,2016-04-16,1.06,therms,$1.63,
Natural gas usage,2016-04-17,0.00,therms,$0.00,
Natural gas usage,2016-04-18,1.05,therms,$1.62,
Natural gas usage,2016-04-19,0.00,therms,$0.00,
Natural gas usage,2016-04-20,0.00,therms,$0.00,
Natural gas usage,2016-04-21,1.05,therms,$1.62,
Natural gas usage,2016-04-22,1.05,therms,$1.62,
Natural gas usage,2016-04-23,2.11,therms,$2.22,
Natural gas usage,2016-04-24,1.05,therms,$1.11,
Natural gas usage,2016-04-25,0.00,therms,$0.00,
Natural gas usage,2016-04-26,1.05,therms,$1.11,
Natural gas usage,2016-04-27,1.05,therms,$1.11,
Natural gas usage,2016-04-28,2.11,therms,$2.22,
Natural gas usage,2016-04-29,0.00,therms,$0.00,
Natural gas usage,2016-04-30,0.00,therms,$0.00,
Natural gas usage,2016-05-01,1.05,therms,$1.14,
Natural gas usage,2016-05-02,0.00,therms,$0.00,
Natural gas usage,2016-05-03,0.00,therms,$0.00,
Natural gas usage,2016-05-04,1.06,therms,$1.14,
Natural gas usage,2016-05-05,1.06,therms,$1.14,
Natural gas usage,2016-05-06,1.06,therms,$1.14,
Natural gas usage,2016-05-07,3.17,therms,$3.43,
Natural gas usage,2016-05-08,2.11,therms,$3.32,
Natural gas usage,2016-05-09,1.05,therms,$1.66,
Natural gas usage,2016-05-10,1.05,therms,$1.66,
Natural gas usage,2016-05-11,1.05,therms,$1.66,
Natural gas usage,2016-05-12,2.11,therms,$3.31,
Natural gas usage,2016-05-13,2.11,therms,$3.31,
Natural gas usage,2016-05-14,2.11,therms,$3.31,
Natural gas usage,2016-05-15,1.05,therms,$1.66,
Natural gas usage,2016-05-16,1.06,therms,$1.66,
Natural gas usage,2016-05-17,0.00,therms,$0.00,
Natural gas usage,2016-05-18,0.00,therms,$0.00,
Natural gas usage,2016-05-19,1.06,therms,$1.66,
Natural gas usage,2016-05-20,2.12,therms,$3.33,
Natural gas usage,2016-05-21,2.12,therms,$3.33,
Natural gas usage,2016-05-22,1.06,therms,$1.66,
Natural gas usage,2016-05-23,2.12,therms,$3.34,
Natural gas usage,2016-05-24,0.00,therms,$0.00,
Natural gas usage,2016-05-25,0.00,therms,$0.00,
Natural gas usage,2016-05-26,1.06,therms,$1.15,
Natural gas usage,2016-05-27,1.06,therms,$1.15,
Natural gas usage,2016-05-28,0.00,therms,$0.00,
Natural gas usage,2016-05-29,1.06,therms,$1.15,
Natural gas usage,2016-05-30,1.06,therms,$1.15,
Natural gas usage,2016-05-31,0.00,therms,$0.00,
Natural gas usage,2016-06-01,0.00,therms,$0.00,
Natural gas usage,2016-06-02,1.06,therms,$1.09,
Natural gas usage,2016-06-03,0.00,therms,$0.00,
Natural gas usage,2016-06-04,1.06,therms,$1.09,
Natural gas usage,2016-06-05,0.00,therms,$0.00,
Natural gas usage,2016-06-06,1.06,therms,$1.08,
Natural gas usage,2016-06-07,0.00,therms,$0.00,
Natural gas usage,2016-06-08,0.00,therms,$0.00,
Natural gas usage,2016-06-09,1.06,therms,$1.08,
Natural gas usage,2016-06-10,0.00,therms,$0.00,
Natural gas usage,2016-06-11,0.00,therms,$0.00,
Natural gas usage,2016-06-12,1.06,therms,$1.08,
Natural gas usage,2016-06-13,0.00,therms,$0.00,
Natural gas usage,2016-06-14,1.05,therms,$1.08,
Natural gas usage,2016-06-15,0.00,therms,$0.00,
Natural gas usage,2016-06-16,0.00,therms,$0.00,
Natural gas usage,2016-06-17,1.05,therms,$1.08,
Natural gas usage,2016-06-18,0.00,therms,$0.00,
Natural gas usage,2016-06-19,1.05,therms,$1.08,
Natural gas usage,2016-06-20,0.00,therms,$0.00,
Natural gas usage,2016-06-21,0.00,therms,$0.00,
Natural gas usage,2016-06-22,1.06,therms,$1.08,
Natural gas usage,2016-06-23,0.00,therms,$0.00,
Natural gas usage,2016-06-24,0.00,therms,$0.00,
Natural gas usage,2016-06-25,1.06,therms,$1.08,
Natural gas usage,2016-06-26,0.00,therms,$0.00,
Natural gas usage,2016-06-27,1.06,therms,$1.08,
Natural gas usage,2016-06-28,0.00,therms,$0.00,
Natural gas usage,2016-06-29,0.00,therms,$0.00,
Natural gas usage,2016-06-30,1.06,therms,$1.08,
Natural gas usage,2016-07-01,0.00,therms,$0.00,
Natural gas usage,2016-07-02,1.06,therms,$1.15,
Natural gas usage,2016-07-03,0.00,therms,$0.00,
Natural gas usage,2016-07-04,1.06,therms,$1.15,
Natural gas usage,2016-07-05,0.00,therms,$0.00,
Natural gas usage,2016-07-06,0.00,therms,$0.00,
Natural gas usage,2016-07-07,1.06,therms,$1.15,
Natural gas usage,2016-07-08,0.00,therms,$0.00,
Natural gas usage,2016-07-09,0.00,therms,$0.00,
Natural gas usage,2016-07-10,0.00,therms,$0.00,
Natural gas usage,2016-07-11,0.00,therms,$0.00,
Natural gas usage,2016-07-12,1.05,therms,$1.14,
Natural gas usage,2016-07-13,1.05,therms,$1.14,
Natural gas usage,2016-07-14,1.05,therms,$1.14,
Natural gas usage,2016-07-15,1.05,therms,$1.14,
Natural gas usage,2016-07-16,1.05,therms,$1.14,
Natural gas usage,2016-07-17,0.00,therms,$0.00,
Natural gas usage,2016-07-18,1.05,therms,$1.14,
Natural gas usage,2016-07-19,0.00,therms,$0.00,
Natural gas usage,2016-07-20,0.00,therms,$0.00,
Natural gas usage,2016-07-21,0.00,therms,$0.00,
Natural gas usage,2016-07-22,1.05,therms,$1.14,
Natural gas usage,2016-07-23,0.00,therms,$0.00,
Natural gas usage,2016-07-24,0.00,therms,$0.00,
Natural gas usage,2016-07-25,0.00,therms,$0.00,
Natural gas usage,2016-07-26,0.00,therms,$0.00,
Natural gas usage,2016-07-27,0.00,therms,$0.00,
Natural gas usage,2016-07-28,1.05,therms,$1.15,
Natural gas usage,2016-07-29,0.00,therms,$0.00,
Natural gas usage,2016-07-30,0.00,therms,$0.00,
Natural gas usage,2016-07-31,0.00,therms,$0.00,
Natural gas usage,2016-08-01,1.06,therms,$1.36,
Natural gas usage,2016-08-02,0.00,therms,$0.00,
Natural gas usage,2016-08-03,0.00,therms,$0.00,
Natural gas usage,2016-08-04,1.06,therms,$1.36,
Natural gas usage,2016-08-05,1.06,therms,$1.36,
Natural gas usage,2016-08-06,0.00,therms,$0.00,
Natural gas usage,2016-08-07,1.06,therms,$1.36,
Natural gas usage,2016-08-08,0.00,therms,$0.00,
Natural gas usage,2016-08-09,0.00,therms,$0.00,
Natural gas usage,2016-08-10,1.06,therms,$1.35,
Natural gas usage,2016-08-11,0.00,therms,$0.00,
Natural gas usage,2016-08-12,1.06,therms,$1.35,
Natural gas usage,2016-08-13,0.00,therms,$0.00,
Natural gas usage,2016-08-14,1.06,therms,$1.35,
Natural gas usage,2016-08-15,0.00,therms,$0.00,
Natural gas usage,2016-08-16,1.06,therms,$1.35,
Natural gas usage,2016-08-17,0.00,therms,$0.00,
Natural gas usage,2016-08-18,1.06,therms,$1.35,
Natural gas usage,2016-08-19,0.00,therms,$0.00,
Natural gas usage,2016-08-20,0.00,therms,$0.00,
Natural gas usage,2016-08-21,1.06,therms,$1.35,
Natural gas usage,2016-08-22,0.00,therms,$0.00,
Natural gas usage,2016-08-23,1.06,therms,$1.36,
Natural gas usage,2016-08-24,0.00,therms,$0.00,
Natural gas usage,2016-08-25,0.00,therms,$0.00,
Natural gas usage,2016-08-26,1.06,therms,$1.36,
Natural gas usage,2016-08-27,0.00,therms,$0.00,
Natural gas usage,2016-08-28,1.06,therms,$1.36,
Natural gas usage,2016-08-29,1.06,therms,$1.36,
Natural gas usage,2016-08-30,0.00,therms,$0.00,
Natural gas usage,2016-08-31,0.00,therms,$0.00,
Natural gas usage,2016-09-01,1.06,therms,$1.34,
Natural gas usage,2016-09-02,0.00,therms,$0.00,
Natural gas usage,2016-09-03,0.00,therms,$0.00,
Natural gas usage,2016-09-04,1.06,therms,$1.34,
Natural gas usage,2016-09-05,1.06,therms,$1.34,
Natural gas usage,2016-09-06,0.00,therms,$0.00,
Natural gas usage,2016-09-07,0.00,therms,$0.00,
Natural gas usage,2016-09-08,0.00,therms,$0.00,
Natural gas usage,2016-09-09,1.06,therms,$1.33,
Natural gas usage,2016-09-10,1.06,therms,$1.33,
Natural gas usage,2016-09-11,0.00,therms,$0.00,
Natural gas usage,2016-09-12,0.00,therms,$0.00,
Natural gas usage,2016-09-13,1.06,therms,$1.34,
Natural gas usage,2016-09-14,0.00,therms,$0.00,
Natural gas usage,2016-09-15,0.00,therms,$0.00,
Natural gas usage,2016-09-16,1.06,therms,$1.34,
Natural gas usage,2016-09-17,0.00,therms,$0.00,
Natural gas usage,2016-09-18,1.06,therms,$1.34,
Natural gas usage,2016-09-19,0.00,therms,$0.00,
Natural gas usage,2016-09-20,0.00,therms,$0.00,
Natural gas usage,2016-09-21,1.05,therms,$1.33,
Natural gas usage,2016-09-22,0.00,therms,$0.00,
Natural gas usage,2016-09-23,0.00,therms,$0.00,
Natural gas usage,2016-09-24,1.05,therms,$1.33,
Natural gas usage,2016-09-25,0.00,therms,$0.00,
Natural gas usage,2016-09-26,1.06,therms,$1.34,
Natural gas usage,2016-09-27,0.00,therms,$0.00,
Natural gas usage,2016-09-28,0.00,therms,$0.00,
Natural gas usage,2016-09-29,1.06,therms,$1.34,
Natural gas usage,2016-09-30,1.06,therms,$1.34,
Natural gas usage,2016-10-01,1.06,therms,$1.43,
Natural gas usage,2016-10-02,1.06,therms,$1.43,
Natural gas usage,2016-10-03,0.00,therms,$0.00,
Natural gas usage,2016-10-04,0.00,therms,$0.00,
Natural gas usage,2016-10-05,1.06,therms,$1.43,
