﻿Name,BARBE LAXX
Address,"309 NEWPORT CIR, VACAVILLE, CA 95687"
Account Number,4443040354
Service,4443040010

TYPE,START DATE,END DATE,USAGE,UNITS,COST,NOTES
Natural gas billing,2008-06-10,2008-07-09,11.00,therms,$19.31,
Natural gas billing,2008-07-10,2008-08-07,11.00,therms,$20.95,
Natural gas billing,2008-08-08,2008-09-08,13.00,therms,$21.30,
Natural gas billing,2008-09-09,2008-10-07,12.00,therms,$16.29,
Natural gas billing,2008-10-08,2008-11-05,14.00,therms,$17.29,
Natural gas billing,2008-11-06,2008-12-08,40.00,therms,$43.37,
Natural gas billing,2008-12-09,2009-01-07,102.00,therms,$114.01,
Natural gas billing,2009-01-08,2009-02-07,61.00,therms,$70.02,
Natural gas billing,2009-02-08,2009-03-10,63.00,therms,$68.07,
Natural gas billing,2009-03-11,2009-04-10,28.00,therms,$28.57,
Natural gas billing,2009-04-11,2009-05-08,18.00,therms,$18.07,
Natural gas billing,2009-05-09,2009-06-10,14.00,therms,$12.86,
Natural gas billing,2009-06-11,2009-07-09,12.00,therms,$12.14,
Natural gas billing,2009-07-10,2009-08-08,12.00,therms,$12.39,
Natural gas billing,2009-08-09,2009-09-08,12.00,therms,$12.16,
Natural gas billing,2009-09-09,2009-10-08,11.00,therms,$10.90,
Natural gas billing,2009-10-09,2009-11-05,13.00,therms,$13.69,
Natural gas billing,2009-11-06,2009-12-08,55.00,therms,$57.53,
Natural gas billing,2009-12-09,2010-01-07,82.00,therms,$87.92,
Natural gas billing,2010-01-08,2010-02-08,74.00,therms,$82.80,
Natural gas billing,2010-02-09,2010-03-10,50.00,therms,$54.14,
Natural gas billing,2010-03-11,2010-04-09,34.00,therms,$36.98,
Natural gas billing,2010-04-10,2010-05-10,22.00,therms,$25.39,
Natural gas billing,2010-05-11,2010-06-09,15.00,therms,$15.68,
Natural gas billing,2010-06-10,2010-07-09,11.00,therms,$11.77,
Natural gas billing,2010-07-10,2010-08-10,11.00,therms,$12.28,
Natural gas billing,2010-08-11,2010-09-09,12.00,therms,$13.96,
Natural gas billing,2010-09-10,2010-10-08,10.00,therms,$11.49,
Natural gas billing,2010-10-09,2010-11-08,14.00,therms,$15.35,
Natural gas billing,2010-11-09,2010-12-09,54.00,therms,$54.85,
Natural gas billing,2010-12-10,2011-01-07,79.00,therms,$89.31,
Natural gas billing,2011-01-08,2011-02-08,72.00,therms,$80.70,
Natural gas billing,2011-02-09,2011-03-10,62.00,therms,$70.21,
Natural gas billing,2011-03-11,2011-04-08,43.00,therms,$47.90,
Natural gas billing,2011-04-09,2011-05-10,21.00,therms,$24.56,
Natural gas billing,2011-05-11,2011-06-09,16.00,therms,$18.82,
Natural gas billing,2011-06-10,2011-07-10,12.00,therms,$15.05,
Natural gas billing,2011-07-11,2011-08-09,10.00,therms,$12.46,
Natural gas billing,2011-08-10,2011-09-08,12.00,therms,$14.53,
Natural gas billing,2011-09-09,2011-10-07,11.00,therms,$13.03,
Natural gas billing,2011-10-08,2011-11-07,25.00,therms,$29.92,
Natural gas billing,2011-11-08,2011-12-07,62.00,therms,$65.25,
Natural gas billing,2011-12-08,2012-01-07,90.00,therms,$101.81,
Natural gas billing,2012-01-08,2012-02-07,77.00,therms,$86.41,
Natural gas billing,2012-02-08,2012-03-08,49.00,therms,$51.62,
Natural gas billing,2012-03-09,2012-04-06,47.00,therms,$47.29,
Natural gas billing,2012-04-07,2012-05-08,20.00,therms,$21.09,
Natural gas billing,2012-05-09,2012-06-07,11.00,therms,$11.20,
Natural gas billing,2012-06-08,2012-07-09,9.00,therms,$10.09,
Natural gas billing,2012-07-10,2012-08-07,9.00,therms,$10.30,
Natural gas billing,2012-08-08,2012-09-06,8.00,therms,$9.00,
Natural gas billing,2012-09-07,2012-10-05,8.00,therms,$8.63,
Natural gas billing,2012-10-06,2012-11-05,14.00,therms,$14.70,
Natural gas billing,2012-11-06,2012-12-06,46.00,therms,$49.70,
Natural gas billing,2012-12-07,2013-01-07,111.00,therms,$128.67,
Natural gas billing,2013-01-08,2013-02-06,82.00,therms,$88.66,
Natural gas billing,2013-02-07,2013-03-08,51.00,therms,$52.41,
Natural gas billing,2013-03-09,2013-04-08,23.00,therms,$23.93,
Natural gas billing,2013-04-09,2013-05-08,10.00,therms,$11.10,
Natural gas billing,2013-05-09,2013-06-07,9.00,therms,$10.25,
Natural gas billing,2013-06-08,2013-07-09,12.00,therms,$13.05,
Natural gas billing,2013-07-10,2013-08-07,9.00,therms,$9.59,
Natural gas billing,2013-08-08,2013-09-06,10.00,therms,$10.45,
Natural gas billing,2013-09-07,2013-10-07,10.00,therms,$10.25,
Natural gas billing,2013-10-08,2013-11-05,10.00,therms,$10.38,
Natural gas billing,2013-11-06,2013-12-06,44.00,therms,$47.67,
Natural gas billing,2013-12-07,2014-01-07,85.00,therms,$98.28,
Natural gas billing,2014-01-08,2014-02-06,55.00,therms,$63.93,
Natural gas billing,2014-02-07,2014-03-10,41.00,therms,$50.81,
Natural gas billing,2014-03-11,2014-04-08,22.00,therms,$28.26,
Natural gas billing,2014-04-09,2014-05-08,14.00,therms,$16.77,
Natural gas billing,2014-05-09,2014-06-09,10.00,therms,$12.13,
Natural gas billing,2014-06-10,2014-07-09,9.00,therms,$10.82,
Natural gas billing,2014-07-10,2014-08-08,9.00,therms,$11.05,
Natural gas billing,2014-08-09,2014-09-09,9.00,therms,$11.16,
Natural gas billing,2014-09-10,2014-10-08,8.00,therms,$10.52,
Natural gas billing,2014-10-09,2014-11-06,13.00,therms,$16.17,
Natural gas billing,2014-11-07,2014-12-08,48.00,therms,$58.42,
Natural gas billing,2014-12-09,2015-01-07,95.00,therms,$137.15,
Natural gas billing,2015-01-08,2015-02-06,64.00,therms,$88.51,
Natural gas billing,2015-02-07,2015-03-10,35.00,therms,$45.18,
Natural gas billing,2015-03-11,2015-04-08,18.00,therms,$22.63,
Natural gas billing,2015-04-09,2015-05-08,14.00,therms,$16.70,
Natural gas billing,2015-05-09,2015-06-09,13.00,therms,$15.34,
Natural gas billing,2015-06-10,2015-07-08,6.00,therms,$7.37,
Natural gas billing,2015-07-09,2015-08-07,7.00,therms,$8.35,
Natural gas billing,2015-08-08,2015-09-08,6.00,therms,$7.39,
Natural gas billing,2015-09-09,2015-10-07,8.00,therms,$9.41,
Natural gas billing,2015-10-08,2015-11-04,15.00,therms,$18.58,
Natural gas billing,2015-11-05,2015-12-07,81.00,therms,$108.17,
Natural gas billing,2015-12-08,2016-01-07,114.00,therms,$168.74,
Natural gas billing,2016-01-08,2016-02-05,92.00,therms,$138.66,
Natural gas billing,2016-02-06,2016-03-08,46.00,therms,$58.59,
Natural gas billing,2016-03-09,2016-04-06,35.00,therms,$40.28,
Natural gas billing,2016-04-07,2016-05-06,19.00,therms,$24.58,
Natural gas billing,2016-05-07,2016-06-07,13.00,therms,$15.24,
Natural gas billing,2016-06-08,2016-07-07,5.00,therms,$5.71,
Natural gas billing,2016-07-08,2016-08-08,5.00,therms,$6.18,
Natural gas billing,2016-08-09,2016-09-07,5.00,therms,$6.89,
Natural gas billing,2016-09-08,2016-10-06,4.00,therms,$5.53,
Natural gas billing,2016-10-07,2016-11-04,6.00,therms,$8.79,
Natural gas billing,2016-11-05,2016-12-06,42.00,therms,$63.70,
Natural gas billing,2016-12-07,2017-01-05,83.00,therms,$135.70,
Natural gas billing,2017-01-06,2017-02-06,93.00,therms,$150.26,
Natural gas billing,2017-02-07,2017-03-08,55.00,therms,$77.86,
Natural gas billing,2017-03-09,2017-04-06,17.00,therms,$24.03,
Natural gas billing,2017-04-07,2017-05-08,17.00,therms,$25.01,
Natural gas billing,2017-05-09,2017-06-07,5.00,therms,$6.90,
Natural gas billing,2017-06-08,2017-07-07,5.00,therms,$6.79,
